name, order, depencies, score
ghc-prim, 0, 0, 3653433
uniplate, 1, 0, 50
extensible-exceptions, 2, 0, 118
microlens, 3, 0, 41
monad-loops, 4, 0, 394
strict, 5, 0, 14
regex-compat, 6, 0, 20
regex-posix, 7, 0, 68
nats, 8, 0, 92
regex-base, 9, 0, 60
base-unicode-symbols, 10, 0, 8
fail, 11, 0, 2396
storable-complex, 12, 0, 27
pcre-light, 13, 0, 7
stringsearch, 14, 0, 191
composition, 15, 0, 8
regex-pcre, 16, 0, 4
haskell-src, 17, 0, 3
regex-pcre-builtin, 18, 0, 4
syz, 19, 0, 3
mersenne-random-pure64, 20, 0, 13
HaskellNet-SSL, 21, 0, 2
dns, 22, 0, 2
monadLib, 23, 0, 2
network-uri-flag, 24, 0, 2
regex-compat-tdfa, 25, 0, 2
mersenne-random, 26, 0, 2
json, 27, 0, 3
STMonadTrans, 28, 0, 3
readline, 29, 0, 2
runmemo, 30, 0, 1
hs-bibutils, 31, 0, 1
configurator-export, 32, 0, 1
data-or, 33, 0, 1
pointless-fun, 34, 0, 1
YampaSynth, 35, 0, 1
Clipboard, 36, 0, 1
exact-combinatorics, 37, 0, 1
prelude-safeenum, 38, 0, 1
base, 39, 1, 3233981
integer-gmp, 40, 1, 62
transformers, 41, 2, 240387
filepath, 42, 2, 26043
array, 43, 2, 932449
semigroups, 44, 2, 32136
split, 45, 2, 217
transformers-compat, 46, 2, 143242
tagged, 47, 2, 25731
data-default-class, 48, 2, 6227
old-locale, 49, 2, 2731
syb, 50, 2, 2979
base-compat, 51, 2, 526
safe, 52, 2, 654
unix-compat, 53, 2, 608
ansi-terminal, 54, 2, 476
memory, 55, 2, 29448
time-locale-compat, 56, 2, 588
base-orphans, 57, 2, 25215
base-prelude, 58, 2, 37
colour, 59, 2, 38
ghc-paths, 60, 2, 31
clock, 61, 2, 42
th-lift, 62, 2, 352
word8, 63, 2, 707
mtl-compat, 64, 2, 29
terminal-size, 65, 2, 11
fingertree, 66, 2, 32
setenv, 67, 2, 153
reflection, 68, 2, 656
xhtml, 69, 2, 78
hvect, 70, 2, 23
AC-Vector, 71, 2, 9
bindings-DSL, 72, 2, 10
ieee754, 73, 2, 19
srcloc, 74, 2, 8
terminfo, 75, 2, 8
auto-update, 76, 2, 1466
digest, 77, 2, 29
unbounded-delays, 78, 2, 31
data-ordlist, 79, 2, 5
hxt-charproperties, 80, 2, 156
focus, 81, 2, 12
newtype, 82, 2, 55
vinyl, 83, 2, 4
wl-pprint, 84, 2, 16
NumInstances, 85, 2, 9
universe-base, 86, 2, 13
setlocale, 87, 2, 5
ghc-tcplugins-extra, 88, 2, 48
html, 89, 2, 77
byteorder, 90, 2, 696
erf, 91, 2, 15
prelude-extras, 92, 2, 1922
refact, 93, 2, 5
th-data-compat, 94, 2, 28
polyparse, 95, 2, 136
dependent-sum, 96, 2, 3
utility-ht, 97, 2, 4
groups, 98, 2, 109
half, 99, 2, 29
oo-prototypes, 100, 2, 7
js-flot, 101, 2, 6
hostname, 102, 2, 17
primes, 103, 2, 19
ghc-boot-th, 104, 2, 32109
type-fun, 105, 2, 6
network-info, 106, 2, 34
optional-args, 107, 2, 4
js-jquery, 108, 2, 6
fixed, 109, 2, 29
diagrams-solve, 110, 2, 20
numtype-dk, 111, 2, 4
haskell-lexer, 112, 2, 206
unexceptionalio, 113, 2, 33
hsndfile, 114, 2, 2
easy-file, 115, 2, 1153
OneTuple, 116, 2, 4
type-aligned, 117, 2, 2
show-type, 118, 2, 2
filelock, 119, 2, 2
fmlist, 120, 2, 16
timezone-series, 121, 2, 2
circle-packing, 122, 2, 3
hlibsass, 123, 2, 2
dotnet-timespan, 124, 2, 2
continued-fractions, 125, 2, 3
heap, 126, 2, 2
type-eq, 127, 2, 13
token-bucket, 128, 2, 2
cpu, 129, 2, 2
with-location, 130, 2, 3
uu-interleaved, 131, 2, 6
control-monad-omega, 132, 2, 4
th-reify-compat, 133, 2, 12
harp, 134, 2, 15
base64-string, 135, 2, 3
Boolean, 136, 2, 7
converge, 137, 2, 3
partial-handler, 138, 2, 2
loop, 139, 2, 6
signal, 140, 2, 2
magic, 141, 2, 2
missing-foreign, 142, 2, 2
disk-free-space, 143, 2, 2
MemoTrie, 144, 2, 7
annotated-wl-pprint, 145, 2, 2
monadplus, 146, 2, 2
data-inttrie, 147, 2, 2
either-unwrap, 148, 2, 2
sql-words, 149, 2, 12
streamproc, 150, 2, 1
string-combinators, 151, 2, 1
ilist, 152, 2, 1
simple-reflect, 153, 2, 1
webkitgtk3-javascriptcore, 154, 2, 1
singleton-bool, 155, 2, 1
PSQueue, 156, 2, 1
flow, 157, 2, 1
hmpfr, 158, 2, 1
prefix-units, 159, 2, 1
natural-transformation, 160, 2, 1
wrap, 161, 2, 1
nanospec, 162, 2, 1
hw-diagnostics, 163, 2, 1
post-mess-age, 164, 2, 1
numeric-extras, 165, 2, 1
Xauth, 166, 2, 1
stringbuilder, 167, 2, 1
timeit, 168, 2, 1
call-stack, 169, 2, 1
iso3166-country-codes, 170, 2, 1
heaps, 171, 2, 1
anonymous-sums, 172, 2, 1
freer, 173, 2, 1
NoTrace, 174, 2, 1
foreign-store, 175, 2, 1
lca, 176, 2, 1
numbers, 177, 2, 1
multiarg, 178, 2, 1
containers-unicode-symbols, 179, 3, 1
control-bool, 180, 2, 1
countable, 181, 2, 1
cassette, 182, 2, 1
dockerfile, 183, 2, 1
yjtools, 184, 2, 1
human-readable-duration, 185, 2, 1
SegmentTree, 186, 2, 1
quickcheck-properties, 187, 2, 1
mountpoints, 188, 2, 1
read-env-var, 189, 2, 1
bento, 190, 2, 1
free-vl, 191, 2, 1
action-permutations, 192, 2, 1
list-fusion-probe, 193, 2, 1
tuples-homogenous-h98, 194, 2, 1
ghcjs-codemirror, 195, 2, 1
broadcast-chan, 196, 2, 1
semiring-simple, 197, 2, 1
kmeans, 198, 2, 1
base-noprelude, 199, 2, 1
iso639, 200, 2, 1
unicode-show, 201, 2, 1
do-list, 202, 2, 1
symengine, 203, 2, 1
fast-digits, 204, 3, 1
mtl, 205, 3, 55737
primitive, 206, 3, 17129
data-accessor, 207, 3, 4
monads-tf, 208, 3, 7
ObjectName, 209, 3, 11
spdx, 210, 3, 2
ghcjs-perch, 211, 3, 2
managed, 212, 3, 3
phantom-state, 213, 3, 2
transformers-lift, 214, 3, 2
writer-cps-transformers, 215, 3, 2
nsis, 216, 4, 1
monad-peel, 217, 4, 1
executable-path, 218, 3, 7
language-c, 219, 3, 2
deepseq, 220, 3, 568761
stm, 221, 3, 89535
fgl, 222, 4, 20
ix-shapable, 223, 3, 7
reinterpret-cast, 224, 3, 1
array-memoize, 225, 3, 1
logfloat, 226, 3, 1
BoundedChan, 227, 3, 1
zero, 228, 3, 2
boxes, 229, 3, 5
gpolyline, 230, 3, 2
comonad, 231, 6, 17125
pointed, 232, 3, 20
old-time, 233, 3, 372
data-default-instances-old-locale, 234, 4, 704
ghc-syb-utils, 235, 3, 4
markdown-unlit, 236, 3, 2
ansi-wl-pprint, 237, 3, 199
ansigraph, 238, 3, 2
distributive, 239, 5, 7148
stopwatch, 240, 4, 1
questioner, 241, 5, 1
fingertree-psqueue, 242, 3, 1
bindings-libzip, 243, 3, 2
hxt-unicode, 244, 3, 52
ghc-typelits-natnormalise, 245, 4, 28
storable-endian, 246, 3, 2
control-monad-free, 247, 4, 3
storable-record, 248, 4, 2
exact-pi, 249, 3, 2
errors, 250, 6, 32
tuple, 251, 3, 3
vector-space, 252, 5, 6
data-memocombinators, 253, 4, 1
mmorph, 254, 5, 9273
operational, 255, 4, 12
statestack, 256, 5, 7
microlens-mtl, 257, 6, 9
logict, 258, 4, 16
EdisonAPI, 259, 4, 4
cli, 260, 5, 2
state-plus, 261, 4, 2
MonadPrompt, 262, 4, 6
pattern-arrows, 263, 4, 2
stateref, 264, 4, 12
indentation-core, 265, 4, 2
prompt, 266, 6, 1
rev-state, 267, 4, 1
stateWriter, 268, 4, 1
IfElse, 269, 4, 1
pretty-types, 270, 5, 1
mtl-prelude, 271, 4, 1
atomic-primops, 272, 4, 11
monad-primitive, 273, 4, 3
data-accessor-mtl, 274, 5, 1
zot, 275, 4, 1
writer-cps-mtl, 276, 5, 1
bytestring, 277, 4, 216260
containers, 278, 4, 125118
time, 279, 4, 22200
vector, 280, 6, 15092
pretty, 281, 4, 32907
dlist, 282, 4, 3326
HUnit, 283, 4, 205
bytestring-builder, 284, 4, 2584
hourglass, 285, 4, 30703
deepseq-generics, 286, 4, 119
Decimal, 287, 4, 5
fixed-vector, 288, 6, 3
hset, 289, 6, 4
abstract-par, 290, 4, 34
spoon, 291, 4, 13
explicit-exception, 292, 5, 2
sorted-list, 293, 4, 1
transformers-base, 294, 6, 43327
async, 295, 4, 4269
StateVar, 296, 5, 21
stm-chans, 297, 4, 381
exception-transformers, 298, 6, 4
ref-fd, 299, 5, 5
stm-delay, 300, 4, 3
threads, 301, 4, 74
speculation, 302, 5, 1
concurrent-extra, 303, 5, 1
nano-erl, 304, 4, 1
monadic-arrays, 305, 6, 1
io-region, 306, 4, 1
both, 307, 4, 1
comonad-transformers, 308, 7, 1
comonads-fd, 309, 7, 1
generics-eot, 310, 4, 1
intervals, 311, 7, 18
pipes, 312, 6, 163
tardis, 313, 6, 1
operational-class, 314, 5, 1
unification-fd, 315, 5, 1
hashable, 316, 5, 34209
network, 317, 5, 7081
base64-bytestring, 318, 5, 6909
utf8-string, 319, 5, 686
byteable, 320, 5, 2759
zlib, 321, 5, 2594
base16-bytestring, 322, 5, 122
cryptonite, 323, 6, 6063
entropy, 324, 5, 445
mmap, 325, 5, 11
postgresql-libpq, 326, 5, 18
hsyslog, 327, 5, 3
haddock-library, 328, 6, 6
Win32, 329, 5, 3
curl, 330, 5, 4
gd, 331, 5, 3
cryptohash-sha256, 332, 5, 4
appar, 333, 5, 385
bytedump, 334, 5, 4
charsetdetect-ae, 335, 5, 5
murmur-hash, 336, 5, 2
bytestring-lexing, 337, 5, 7
unix-bytestring, 338, 5, 2
hex, 339, 5, 198
lazy-csv, 340, 5, 3
iconv, 341, 5, 4
knob, 342, 6, 2
ed25519, 343, 5, 3
sandi, 344, 6, 2
hslua, 345, 5, 5
bzlib, 346, 5, 3
scanner, 347, 5, 7
adler32, 348, 5, 1
hs-GeoIP, 349, 5, 1
utf8-light, 350, 5, 1
blake2, 351, 5, 1
farmhash, 352, 5, 1
siphash, 353, 6, 1
hid, 354, 6, 1
bytestring-handle, 355, 5, 1
fast-builder, 356, 5, 1
hopenssl, 357, 7, 1
pretty-hex, 358, 5, 1
socket, 359, 5, 1
hsass, 360, 10, 1
binary, 361, 6, 70152
QuickCheck, 362, 5, 225
cereal, 363, 6, 1710
parallel, 364, 5, 596
regex-applicative, 365, 6, 8
universe-instances-base, 366, 6, 9
tree-fun, 367, 7, 5
patience, 368, 5, 5
lens-family-core, 369, 6, 30
options, 370, 7, 4
monad-skeleton, 371, 5, 3
multimap, 372, 5, 6
data-default-instances-containers, 373, 6, 704
code-builder, 374, 5, 3
non-empty-sequence, 375, 6, 2
GraphSCC, 376, 5, 2
SafeSemaphore, 377, 6, 2
data-reify, 378, 5, 3
hoopl, 379, 5, 2
binary-search, 380, 6, 3
data-hash, 381, 5, 2
parseargs, 382, 5, 45
hscolour, 383, 5, 2
equivalence, 384, 9, 2
multiset, 385, 5, 2
io-storage, 386, 5, 5
multiset-comb, 387, 6, 3
tree-view, 388, 7, 3
uglymemo, 389, 5, 4
microlens-ghc, 390, 8, 6
tagshare, 391, 7, 15
rosezipper, 392, 5, 2
symbol, 393, 5, 2
drawille, 394, 5, 1
deriving-compat, 395, 5, 1
exp-pairs, 396, 6, 1
dependent-map, 397, 6, 1
IntervalMap, 398, 5, 1
happy, 399, 7, 1
arrow-list, 400, 7, 1
union-find, 401, 6, 1
boolsimplifier, 402, 5, 1
palette, 403, 6, 1
graph-wrapper, 404, 5, 1
frisby, 405, 7, 1
event, 406, 7, 1
network-house, 407, 7, 1
keycode, 408, 5, 1
data-check, 409, 5, 1
set-monad, 410, 5, 1
io-manager, 411, 5, 1
grouped-list, 412, 7, 1
rfc5051, 413, 6, 1
hierarchical-clustering, 414, 5, 1
pure-io, 415, 8, 1
directory, 416, 6, 13905
random, 417, 5, 3401
unix, 418, 6, 35
time-compat, 419, 7, 74
bytestring-progress, 420, 6, 2
monad-time, 421, 7, 1
snowflake, 422, 5, 1
bank-holidays-england, 423, 6, 1
iso8601-time, 424, 5, 1
hebrew-time, 425, 5, 1
varying, 426, 6, 1
leapseconds-announced, 427, 5, 1
friendly-time, 428, 6, 1
io-machine, 429, 5, 1
benchpress, 430, 8, 1
mwc-random, 431, 8, 307
matrix, 432, 8, 5
polynomials-bernstein, 433, 7, 2
spool, 434, 8, 2
matrices, 435, 7, 2
compactmap, 436, 7, 1
hybrid-vectors, 437, 7, 1
seqalign, 438, 8, 1
vector-buffer, 439, 7, 1
tzdata, 440, 9, 1
vector-fftw, 441, 8, 1
webrtc-vad, 442, 7, 1
maximal-cliques, 443, 8, 1
dimensional, 444, 9, 1
hsndfile-vector, 445, 8, 1
freenect, 446, 7, 1
dawg-ord, 447, 9, 1
histogram-fill, 448, 8, 1
template-haskell, 449, 6, 32105
pretty-show, 450, 7, 205
Diff, 451, 5, 18
smallcheck, 452, 8, 12
GenericPretty, 453, 5, 5
prettyclass, 454, 5, 3
djinn-lib, 455, 8, 4
smtLib, 456, 5, 2
presburger, 457, 6, 2
type-spec, 458, 6, 1
pretty-class, 459, 5, 1
dlist-instances, 460, 6, 9
data-default-instances-dlist, 461, 6, 704
text-postgresql, 462, 6, 3
c2hs, 463, 8, 1
hspec-expectations, 464, 5, 48
HUnit-approx, 465, 5, 1
should-not-typecheck, 466, 5, 1
asn1-types, 467, 7, 17934
hidapi, 468, 6, 1
kdt, 469, 6, 1
fixed-vector-hetero, 470, 7, 1
monad-control, 471, 7, 21966
elerea, 472, 9, 2
control-monad-loop, 473, 7, 2
io-memoize, 474, 5, 1
alarmclock, 475, 9, 1
terminal-progress-bar, 476, 6, 2
exception-mtl, 477, 8, 2
persistent-refs, 478, 9, 1
fold-debounce, 479, 8, 2
pipes-parse, 480, 7, 56
unordered-containers, 481, 6, 6667
void, 482, 7, 6814
hashtables, 483, 9, 22
psqueues, 484, 6, 208
concurrent-supply, 485, 6, 5
renderable, 486, 8, 1
ttrie, 487, 10, 1
range-set-list, 488, 8, 1
ctrie, 489, 9, 1
hashmap, 490, 6, 1
hashable-time, 491, 6, 1
HsOpenSSL, 492, 7, 16
hslogger, 493, 8, 91
sendfile, 494, 6, 80
simple-sendfile, 495, 6, 197
pcap, 496, 7, 2
splice, 497, 6, 2
hsdns, 498, 7, 1
pem, 499, 8, 5588
prometheus-client, 500, 13, 3
LibZip, 501, 12, 1
url, 502, 6, 1
securemem, 503, 7, 861
zlib-bindings, 504, 6, 30
hlibgit2, 505, 7, 3
cryptohash, 506, 8, 94
scrypt, 507, 7, 1
crypto-random-api, 508, 6, 1
Win32-extras, 509, 6, 1
iproute, 510, 9, 384
text, 511, 7, 60187
JuicyPixels, 512, 12, 44
data-binary-ieee754, 513, 7, 19
constraints, 514, 11, 22
network-transport, 515, 9, 5
vector-binary-instances, 516, 10, 16
largeword, 517, 7, 10
bmp, 518, 7, 5
unix-time, 519, 9, 4
pointedlist, 520, 7, 7
bytestring-trie, 521, 7, 3
rank1dynamic, 522, 7, 2
word-trie, 523, 7, 3
binary-bits, 524, 7, 2
binary-typed, 525, 8, 1
ghc-events, 526, 9, 1
timezone-olson, 527, 10, 1
binary-list, 528, 9, 1
byteset, 529, 7, 1
Octree, 530, 7, 4
quickcheck-io, 531, 7, 28
quickcheck-arbitrary-adt, 532, 6, 4
carray, 533, 9, 4
permutation, 534, 6, 3
EdisonCore, 535, 9, 2
point-octree, 536, 7, 1
quickcheck-simple, 537, 6, 1
digits, 538, 6, 1
alex, 539, 6, 1
fgl-arbitrary, 540, 8, 1
quickcheck-unicode, 541, 6, 1
doctest-prop, 542, 7, 1
quickcheck-assertions, 543, 7, 1
crypto-api, 544, 10, 291
socks, 545, 8, 221
murmur3, 546, 7, 3
messagepack, 547, 7, 2
cereal-vector, 548, 10, 1
xenstore, 549, 10, 1
monad-parallel, 550, 8, 7
integration, 551, 6, 1
lexer-applicative, 552, 8, 2
universe-reverse-instances, 553, 7, 3
universe-instances-trans, 554, 9, 2
clumpiness, 555, 8, 2
lens-family, 556, 8, 15
process, 557, 7, 4875
haskeline, 558, 10, 15
tar, 559, 8, 17
Glob, 560, 11, 17
SHA, 561, 10, 62
cpphs, 562, 10, 132
xdg-basedir, 563, 7, 205
filemanip, 564, 11, 7
hpc, 565, 8, 4
directory-tree, 566, 7, 5
ghc-boot, 567, 11, 3
hspec-discover, 568, 7, 16
silently, 569, 7, 158
Strafunski-StrategyLib, 570, 10, 2
projectroot, 571, 7, 2
pathwalk, 572, 8, 1
Win32-notify, 573, 10, 1
pure-cdb, 574, 14, 1
rotating-log, 575, 8, 1
FindBin, 576, 7, 1
hmatrix, 577, 14, 18
MonadRandom, 578, 9, 48
hw-prim, 579, 10, 12
edit-distance, 580, 7, 4
monad-par-extras, 581, 12, 18
tf-random, 582, 8, 28
transient, 583, 12, 4
HPDF, 584, 19, 2
unfoldable, 585, 9, 4
dpor, 586, 8, 4
parallel-io, 587, 8, 2
abstract-deque, 588, 7, 16
commutative, 589, 7, 5
HCodecs, 590, 9, 1
arithmoi, 591, 10, 1
ChasingBottoms, 592, 11, 1
Yampa, 593, 6, 1
checkers, 594, 8, 1
hinotify, 595, 10, 3
linux-file-extents, 596, 7, 1
posix-realtime, 597, 7, 1
system-posix-redirect, 598, 7, 1
hdaemonize, 599, 12, 1
btrfs, 600, 7, 1
Ebnf2ps, 601, 12, 1
linux-namespaces, 602, 7, 1
vector-algorithms, 603, 11, 88
mwc-probability, 604, 9, 18
rng-utils, 605, 10, 1
mwc-random-monad, 606, 10, 1
pipes-random, 607, 13, 1
typography-geometry, 608, 10, 1
clustering, 609, 14, 1
exceptions, 610, 11, 14873
bifunctors, 611, 14, 10048
file-embed, 612, 11, 52
generic-deriving, 613, 8, 94
fclabels, 614, 9, 14
generics-sop, 615, 7, 12
microlens-th, 616, 9, 10
data-lens-light, 617, 9, 15
th-extras, 618, 7, 25
names-th, 619, 8, 39
vector-th-unbox, 620, 10, 22
loch-th, 621, 7, 5
th-expand-syns, 622, 9, 186
placeholders, 623, 7, 4
traverse-with-class, 624, 8, 14
repa, 625, 13, 3
iterable, 626, 12, 4
testing-feat, 627, 12, 14
geniplate-mirror, 628, 9, 2
language-haskell-extract, 629, 8, 2
overloaded-records, 630, 8, 2
heredoc, 631, 7, 2
RepLib, 632, 10, 2
lens-family-th, 633, 7, 15
logging-facade, 634, 8, 2
tuple-th, 635, 8, 4
monadloc, 636, 8, 2
gamma, 637, 12, 2
enummapset-th, 638, 8, 2
concatenative, 639, 7, 2
bindings-GLFW, 640, 8, 2
string-qq, 641, 7, 1
syb-with-class, 642, 9, 1
include-file, 643, 10, 1
test-simple, 644, 12, 1
stm-stats, 645, 10, 1
publicsuffix, 646, 8, 1
raw-strings-qq, 647, 7, 1
ghc-heap-view, 648, 11, 1
type-level-numbers, 649, 7, 1
true-name, 650, 7, 1
yarr, 651, 11, 1
FenwickTree, 652, 9, 1
diff3, 653, 6, 1
djinn-ghc, 654, 11, 3
data-default, 655, 11, 703
asn1-encoding, 656, 8, 8967
lifted-base, 657, 8, 10030
resource-pool, 658, 14, 222
list-t, 659, 11, 13
success, 660, 9, 4
monad-extras, 661, 10, 1
vault, 662, 8, 1520
charset, 663, 9, 43
witherable, 664, 12, 8
dynamic-state, 665, 9, 3
expiring-cache-map, 666, 8, 2
hyphenation, 667, 9, 1
islink, 668, 7, 1
once, 669, 11, 1
cache, 670, 10, 1
graph-core, 671, 13, 1
contravariant, 672, 10, 5134
extensible-effects, 673, 13, 1
graphs, 674, 11, 1
RefSerialize, 675, 13, 8
HSet, 676, 11, 2
lrucaching, 677, 11, 1
HsOpenSSL-x509-system, 678, 8, 1
prometheus-metrics-ghc, 679, 14, 1
crypto-cipher-types, 680, 8, 287
crypto-random, 681, 11, 291
pwstore-fast, 682, 14, 4
pbkdf, 683, 13, 3
parsec, 684, 10, 1123
blaze-builder, 685, 8, 13996
scientific, 686, 12, 9068
case-insensitive, 687, 9, 5650
xml-types, 688, 8, 486
fast-logger, 689, 14, 1152
xml, 690, 8, 47
haskell-gi-base, 691, 8, 396
system-filepath, 692, 8, 131
http-api-data, 693, 10, 478
safecopy, 694, 18, 78
mime-types, 695, 8, 600
path-pieces, 696, 9, 362
tagsoup, 697, 8, 54
hsp, 698, 10, 65
cairo, 699, 11, 28
wl-pprint-text, 700, 8, 82
string-conversions, 701, 9, 171
glib, 702, 9, 29
fsnotify, 703, 14, 24
zip-archive, 704, 17, 14
reform, 705, 10, 26
uuid-types, 706, 11, 65
monoid-subclasses, 707, 12, 16
th-lift-instances, 708, 15, 149
double-conversion, 709, 8, 14
chunked-data, 710, 12, 32
text-icu, 711, 8, 10
ListLike, 712, 14, 15
web-plugins, 713, 11, 9
convertible, 714, 13, 19
ekg-core, 715, 10, 5
boomerang, 716, 13, 29
cmark, 717, 8, 7
OpenGLRaw, 718, 11, 27
hflags, 719, 11, 4
irc-ctcp, 720, 8, 8
direct-sqlite, 721, 8, 4
mainland-pretty, 722, 9, 3
clay, 723, 10, 4
text-binary, 724, 8, 3
bitcoin-script, 725, 9, 11
uri-encode, 726, 9, 7
readable, 727, 8, 6
bytestring-tree-builder, 728, 10, 2
chell, 729, 17, 2
text-manipulate, 730, 8, 2
tinytemplate, 731, 8, 2
template, 732, 10, 2
fortran-src, 733, 14, 2
drifter, 734, 10, 2
protolude, 735, 13, 2
store-core, 736, 11, 3
regex-applicative-text, 737, 10, 2
pinch, 738, 13, 1
mbox, 739, 11, 1
feature-flags, 740, 8, 1
shortcut-links, 741, 8, 1
quickcheck-text, 742, 9, 1
string-class, 743, 9, 1
discount, 744, 8, 1
cased, 745, 8, 1
htaglib, 746, 8, 1
pgp-wordlist, 747, 11, 1
hstatsd, 748, 11, 1
string-conv, 749, 8, 1
unicode-transforms, 750, 8, 1
hformat, 751, 9, 1
text-conversions, 752, 15, 1
text-metrics, 753, 8, 1
hfsevents, 754, 13, 1
sundown, 755, 8, 1
hsexif, 756, 9, 1
identicon, 757, 13, 1
JuicyPixels-extra, 758, 13, 1
protobuf, 759, 15, 3
bson, 760, 17, 4
crackNum, 761, 9, 3
monad-unlift, 762, 15, 10
unit-constraint, 763, 12, 4
distributed-closure, 764, 16, 1
typelits-witnesses, 765, 14, 1
network-transport-inmemory, 766, 12, 1
network-transport-tests, 767, 14, 1
network-transport-tcp, 768, 12, 1
network-transport-composed, 769, 10, 1
distributed-static, 770, 8, 1
hspec-meta, 771, 18, 1
fft, 772, 12, 2
pureMD5, 773, 12, 21
cryptohash-cryptoapi, 774, 13, 4
monadcryptorandom, 775, 12, 2
skein, 776, 11, 121
cipher-aes128, 777, 11, 2
monad-coroutine, 778, 9, 3
lattices, 779, 14, 1
optparse-applicative, 780, 12, 159
Cabal, 781, 11, 254
cmdargs, 782, 9, 24
extra, 783, 8, 25
gitrev, 784, 11, 8
doctest, 785, 12, 2
simple-smt, 786, 8, 2
open-browser, 787, 8, 2
Hclip, 788, 11, 3
debian-build, 789, 10, 1
funcmp, 790, 8, 1
lhs2tex, 791, 11, 1
read-editor, 792, 8, 1
weigh, 793, 14, 1
nix-paths, 794, 8, 1
libgit, 795, 10, 1
wizards, 796, 14, 2
intero, 797, 14, 1
pwstore-purehaskell, 798, 14, 8
haskell-src-exts, 799, 12, 123
dyre, 800, 15, 4
ghci, 801, 15, 1
hspec-setup, 802, 9, 1
hmatrix-gsl, 803, 18, 5
hmatrix-gsl-stats, 804, 15, 4
cubicspline, 805, 16, 1
random-shuffle, 806, 10, 11
hspec-core, 807, 18, 26
transient-universe, 808, 17, 2
monad-par, 809, 18, 15
mono-traversable, 810, 18, 60
mcmc-types, 811, 11, 9
temporary, 812, 15, 43
safe-exceptions, 813, 12, 30
retry, 814, 15, 7
network-simple, 815, 14, 5
pipes-safe, 816, 17, 10
concurrent-output, 817, 23, 5
concurrency, 818, 16, 5
bimap, 819, 13, 3
hreader, 820, 18, 2
hint, 821, 17, 2
ether, 822, 16, 1
hpio, 823, 24, 1
simple-log, 824, 21, 1
sdl2, 825, 19, 1
zeromq4-haskell, 826, 18, 1
pagination, 827, 12, 1
temporary-rc, 828, 15, 1
exceptional, 829, 12, 1
semigroupoids, 830, 15, 4069
hashable-extras, 831, 17, 6
nagios-check, 832, 21, 1
elm-core-sources, 833, 13, 1
executable-hash, 834, 17, 1
proxied, 835, 10, 1
lift-generics, 836, 9, 1
accelerate, 837, 17, 2
getopt-generics, 838, 11, 1
microlens-platform, 839, 22, 5
time-lens, 840, 11, 1
flexible-defaults, 841, 10, 12
dependent-sum-template, 842, 9, 1
persistable-record, 843, 12, 23
math-functions, 844, 11, 18
th-reify-many, 845, 13, 146
repa-io, 846, 18, 1
repa-algorithms, 847, 14, 1
hPDB, 848, 27, 2
unbound, 849, 13, 1
lens-simple, 850, 13, 14
euphoria, 851, 18, 1
GLFW-b, 852, 9, 1
bcrypt, 853, 15, 4
X11, 854, 12, 2
test-fixture, 855, 17, 1
crypto-pubkey-types, 856, 9, 29
asn1-parse, 857, 9, 3130
resourcet, 858, 17, 5983
lifted-async, 859, 10, 27
enclosed-exceptions, 860, 10, 47
flock, 861, 13, 2
fuzzcheck, 862, 14, 1
io-choice, 863, 13, 1
immortal, 864, 9, 1
hedis, 865, 24, 6
stm-containers, 866, 17, 7
binary-parser, 867, 16, 3
profunctors, 868, 20, 3254
text-show, 869, 27, 8
pipes-concurrency, 870, 15, 4
contravariant-extras, 871, 17, 3
composition-extra, 872, 12, 2
lrucache, 873, 12, 2
microlens-contra, 874, 12, 1
vinyl-utils, 875, 12, 1
TCache, 876, 22, 4
pred-set, 877, 12, 1
cipher-aes, 878, 9, 270
cipher-rc4, 879, 9, 3
nettle, 880, 10, 3
cipher-camellia, 881, 12, 2
cipher-des, 882, 9, 2
cipher-blowfish, 883, 12, 2
crypto-numbers, 884, 12, 3
network-uri, 885, 11, 181
regex-tdfa, 886, 12, 49
HTTP, 887, 12, 16
MissingH, 888, 22, 6
csv, 889, 12, 7
protocol-buffers, 890, 16, 4
multipart, 891, 11, 7
inflections, 892, 11, 2
preprocessor-tools, 893, 12, 2
hxt-regex-xmlschema, 894, 12, 52
language-ecmascript, 895, 21, 13
load-env, 896, 14, 2
nicify-lib, 897, 11, 2
units-parser, 898, 12, 3
hmt, 899, 25, 2
natural-sort, 900, 11, 2
language-java, 901, 19, 1
protobuf-simple, 902, 16, 1
neat-interpolation, 903, 15, 1
app-settings, 904, 14, 1
hsemail, 905, 13, 1
docopt, 906, 11, 1
language-glsl, 907, 13, 1
indents, 908, 15, 1
bencode, 909, 11, 1
ofx, 910, 13, 1
indentation-parsec, 911, 12, 1
language-fortran, 912, 13, 1
ViennaRNAParser, 913, 15, 1
blaze-markup, 914, 9, 1957
streaming-commons, 915, 19, 2200
cookie, 916, 12, 867
lucid, 917, 15, 11
mime-mail, 918, 15, 26
language-javascript, 919, 12, 10
hastache, 920, 17, 13
svg-builder, 921, 11, 4
vty, 922, 37, 2
blaze-textual, 923, 14, 3
hosc, 924, 13, 2
HStringTemplate, 925, 23, 3
xmlgen, 926, 11, 2
attoparsec, 927, 13, 5555
megaparsec, 928, 20, 8
quickcheck-instances, 929, 18, 6
bytes, 930, 20, 92
http-types, 931, 11, 3165
http-media, 932, 10, 270
tostring, 933, 11, 15
http-common, 934, 19, 2
through-text, 935, 10, 1
libxml-sax, 936, 9, 3
test-framework, 937, 16, 14
FontyFruity, 938, 15, 9
feed, 939, 14, 2
system-fileio, 940, 10, 11
stringable, 941, 9, 15
ReadArgs, 942, 9, 10
system-argv0, 943, 9, 1
acid-state, 944, 25, 17
ixset, 945, 19, 8
ixset-typed, 946, 20, 11
reroute, 947, 15, 11
xml-to-json-fast, 948, 13, 1
pcre-heavy, 949, 16, 4
secp256k1, 950, 17, 3
pango, 951, 18, 13
gio, 952, 12, 2
uuid, 953, 15, 31
incremental-parser, 954, 13, 3
picoparsec, 955, 15, 1
text-format, 956, 12, 7
tinylog, 957, 20, 2
encoding-io, 958, 16, 1
yi-rope, 959, 18, 4
sphinx, 960, 12, 1
process-extras, 961, 23, 4
Earley, 962, 17, 4
uu-parsinglib, 963, 17, 5
HDBC, 964, 15, 12
GLURaw, 965, 12, 11
language-c-quote, 966, 22, 1
Frames, 967, 20, 1
chell-quickcheck, 968, 19, 1
skeletons, 969, 16, 1
camfort, 970, 29, 1
sbv, 971, 26, 2
unfoldable-restricted, 972, 18, 3
JuicyPixels-scale-dct, 973, 19, 1
pixelated-avatar-generator, 974, 25, 1
tagged-binary, 975, 13, 1
DRBG, 976, 19, 1
resolve-trivial-conflicts, 977, 19, 1
optparse-text, 978, 17, 1
optparse-generic, 979, 21, 1
optparse-helper, 980, 13, 1
cartel, 981, 17, 1
hackage-db, 982, 14, 3
hackage-security, 983, 25, 2
jailbreak-cabal, 984, 12, 1
gtk2hs-buildtools, 985, 13, 1
cabal-sort, 986, 16, 1
sandman, 987, 20, 1
cabal-rpm, 988, 13, 1
cabal-file-th, 989, 14, 1
bumper, 990, 20, 1
haddock-api, 991, 19, 1
yes-precure5-command, 992, 18, 1
packdeps, 993, 16, 1
autoexporter, 994, 12, 1
cabal-dependency-licenses, 995, 12, 1
hdevtools, 996, 15, 1
ClustalParser, 997, 19, 1
shake, 998, 20, 4
ghcid, 999, 21, 1
hlint, 1000, 21, 3
derive, 1001, 21, 3
hse-cpp, 1002, 13, 2
groom, 1003, 13, 2
hgettext, 1004, 19, 2
homplexity, 1005, 21, 1
Agda, 1006, 46, 1
pointful, 1007, 17, 1
hmatrix-special, 1008, 19, 2
hstatistics, 1009, 16, 2
hspec, 1010, 22, 15
hspec-smallcheck, 1011, 23, 3
hspec-contrib, 1012, 19, 1
ghcjs-hplay, 1013, 19, 1
mutable-containers, 1014, 19, 9
mighty-metropolis, 1015, 16, 2
flat-mcmc, 1016, 24, 1
graphviz, 1017, 26, 3
cabal-helper, 1018, 21, 4
atomic-write, 1019, 21, 1
mockery, 1020, 19, 1
messagepack-rpc, 1021, 18, 1
pipes-network, 1022, 21, 1
pipes-cliff, 1023, 25, 1
ascii-progress, 1024, 31, 2
dejafu, 1025, 24, 3
async-dejafu, 1026, 17, 1
monoid-extras, 1027, 17, 107
wl-pprint-extras, 1028, 21, 9
reducers, 1029, 22, 5
eq, 1030, 16, 1
groupoids, 1031, 16, 1
monad-products, 1032, 16, 1
semigroupoid-extras, 1033, 16, 1
random-source, 1034, 16, 11
relational-query, 1035, 20, 11
th-orphans, 1036, 21, 143
rainbow, 1037, 21, 5
xmonad, 1038, 24, 1
RSA, 1039, 22, 14
x509, 1040, 16, 3128
conduit, 1041, 18, 2905
streaming, 1042, 19, 2
leveldb-haskell, 1043, 28, 1
slave-thread, 1044, 19, 1
timemap, 1045, 21, 1
free, 1046, 26, 1918
foldl, 1047, 27, 17
product-profunctors, 1048, 21, 6
unbound-generics, 1049, 22, 5
profunctor-extras, 1050, 21, 1
zlib-lens, 1051, 22, 1
union, 1052, 22, 1
extensible, 1053, 25, 1
auto, 1054, 26, 1
invariant, 1055, 24, 1
text-show-instances, 1056, 41, 1
Workflow, 1057, 29, 2
cprng-aes, 1058, 14, 146
vhd, 1059, 23, 1
cryptocipher, 1060, 17, 1
crypto-pubkey, 1061, 19, 2
httpd-shed, 1062, 13, 1
tasty, 1063, 26, 28
yi-language, 1064, 37, 4
scalpel, 1065, 22, 2
ShellCheck, 1066, 19, 2
regex-tdfa-text, 1067, 13, 2
gravatar, 1068, 25, 1
oeis, 1069, 13, 1
ConfigFile, 1070, 23, 2
file-modules, 1071, 30, 2
tabular, 1072, 14, 2
protocol-buffers-descriptor, 1073, 17, 2
cgi, 1074, 20, 1
hsb2hs, 1075, 16, 1
hxt, 1076, 18, 51
hspec-expectations-pretty-diff, 1077, 17, 1
blaze-html, 1078, 10, 1028
hledger-lib, 1079, 31, 3
blaze-svg, 1080, 12, 3
pipes-bgzf, 1081, 25, 2
lucid-svg, 1082, 16, 1
cmark-lucid, 1083, 17, 1
smtp-mail, 1084, 22, 2
HaskellNet, 1085, 27, 2
hjsmin, 1086, 21, 6
list-prompt, 1087, 40, 1
aeson, 1088, 23, 2382
io-streams, 1089, 22, 23
parsers, 1090, 20, 38
email-validate, 1091, 14, 49
websockets, 1092, 24, 20
bytestring-conversion, 1093, 15, 152
cassava, 1094, 16, 15
timerep, 1095, 17, 8
configurator, 1096, 19, 7
uri-bytestring, 1097, 15, 8
pipes-attoparsec, 1098, 19, 7
http-date, 1099, 14, 219
openpgp-asciiarmor, 1100, 16, 4
network-attoparsec, 1101, 26, 3
css-text, 1102, 14, 45
cron, 1103, 19, 3
hw-parser, 1104, 23, 2
irc, 1105, 14, 4
attoparsec-binary, 1106, 14, 2
pcre-utils, 1107, 16, 2
IPv6Addr, 1108, 21, 2
th-printf, 1109, 17, 2
sqlite-simple, 1110, 19, 2
ini, 1111, 15, 4
attoparsec-expr, 1112, 14, 1
vado, 1113, 18, 1
hostname-validate, 1114, 14, 1
cases, 1115, 19, 1
dataurl, 1116, 15, 1
Spintax, 1117, 20, 1
semver, 1118, 14, 1
hweblib, 1119, 15, 1
smallcaps, 1120, 26, 1
hbeanstalk, 1121, 16, 1
hspec-attoparsec, 1122, 16, 1
libmpd, 1123, 20, 1
text-ldap, 1124, 17, 1
makefile, 1125, 14, 1
css-syntax, 1126, 14, 1
language-thrift, 1127, 24, 1
versions, 1128, 22, 1
hspec-megaparsec, 1129, 23, 1
dotenv, 1130, 29, 1
log-domain, 1131, 34, 5
bits, 1132, 21, 1
wai, 1133, 17, 986
http-client, 1134, 34, 554
web-routes, 1135, 22, 99
s3-signer, 1136, 19, 1
wai-cors, 1137, 18, 1
dbus, 1138, 20, 2
test-framework-hunit, 1139, 19, 4
test-framework-quickcheck2, 1140, 19, 4
test-framework-smallcheck, 1141, 22, 1
test-framework-th, 1142, 27, 1
download, 1143, 16, 1
shelly, 1144, 29, 3
hit, 1145, 30, 2
biocore, 1146, 10, 14
basic-prelude, 1147, 22, 9
gtk3, 1148, 19, 4
gtk, 1149, 19, 4
courier, 1150, 23, 1
formatting, 1151, 18, 2
text-all, 1152, 32, 1
Unixutils, 1153, 38, 1
pdfinfo, 1154, 27, 1
language-lua2, 1155, 32, 1
HDBC-session, 1156, 16, 5
OpenGL, 1157, 16, 10
cryptol, 1158, 45, 1
quickcheck-combinators, 1159, 19, 2
hackage-whatsnew, 1160, 23, 1
cabal-install, 1161, 31, 1
shake-language-c, 1162, 28, 1
compdata, 1163, 26, 2
hsignal, 1164, 22, 1
hspec-jenkins, 1165, 28, 1
monad-unlift-ref, 1166, 33, 1
darcs, 1167, 57, 1
hunit-dejafu, 1168, 26, 1
dual-tree, 1169, 19, 51
HaTeX, 1170, 29, 3
wl-pprint-terminfo, 1171, 23, 2
rvar, 1172, 18, 5
relational-schemas, 1173, 21, 5
haskell-src-meta, 1174, 22, 98
th-desugar, 1175, 22, 37
th-utilities, 1176, 25, 3
rainbox, 1177, 22, 2
prednote, 1178, 28, 1
google-oauth2-jwt, 1179, 30, 1
x509-store, 1180, 20, 1563
pkcs10, 1181, 17, 1
conduit-extra, 1182, 37, 1234
binary-conduit, 1183, 23, 4
cereal-conduit, 1184, 21, 7
fsnotify-conduit, 1185, 28, 1
withdependencies, 1186, 19, 1
conduit-iconv, 1187, 20, 1
fold-debounce-conduit, 1188, 23, 1
streaming-bytestring, 1189, 21, 1
either, 1190, 33, 28
adjunctions, 1191, 27, 699
keys, 1192, 28, 25
pipes-group, 1193, 30, 26
ghc-exactprint, 1194, 32, 3
Rasterific, 1195, 41, 4
static-canvas, 1196, 30, 2
ad, 1197, 31, 2
range, 1198, 30, 1
ChannelT, 1199, 29, 1
turtle, 1200, 45, 2
pipes-extras, 1201, 31, 1
sampling, 1202, 28, 1
nonce, 1203, 19, 19
clientsession, 1204, 26, 120
tasty-hunit, 1205, 27, 4
tasty-smallcheck, 1206, 30, 4
tasty-quickcheck, 1207, 27, 4
tasty-kat, 1208, 27, 1
tasty-ant-xml, 1209, 32, 1
tasty-rerun, 1210, 40, 1
tasty-expected-failure, 1211, 27, 1
tasty-program, 1212, 27, 1
tasty-silver, 1213, 40, 1
tasty-th, 1214, 30, 1
tasty-golden, 1215, 32, 1
tasty-dejafu, 1216, 42, 1
wikicfp-scraper, 1217, 29, 1
language-dockerfile, 1218, 44, 1
hprotoc, 1219, 24, 1
hxt-pickle-utils, 1220, 19, 7
generic-xmlpickler, 1221, 23, 8
hxt-http, 1222, 20, 2
hxt-css, 1223, 20, 1
gl, 1224, 22, 1
vcswrapper, 1225, 21, 1
happstack-server, 1226, 41, 73
highlighting-kate, 1227, 16, 7
taggy, 1228, 18, 2
webpage, 1229, 25, 1
ace, 1230, 26, 1
tasty-html, 1231, 34, 1
xmlhtml, 1232, 16, 1
blaze-bootstrap, 1233, 11, 1
reform-blaze, 1234, 14, 1
hledger, 1235, 40, 1
hledger-interest, 1236, 34, 1
pipes-illumina, 1237, 26, 1
yaml, 1238, 38, 36
shakespeare, 1239, 35, 184
postgresql-simple, 1240, 30, 15
aeson-pretty, 1241, 25, 209
path, 1242, 28, 20
hexstring, 1243, 25, 32
pandoc-types, 1244, 24, 11
base58string, 1245, 24, 19
statistics, 1246, 38, 12
aeson-better-errors, 1247, 27, 4
generic-aeson, 1248, 25, 36
aeson-utils, 1249, 24, 7
sourcemap, 1250, 29, 14
users, 1251, 35, 3
twitter-types, 1252, 24, 4
base32string, 1253, 24, 2
thyme, 1254, 33, 2
aeson-generic-compat, 1255, 24, 2
binary-tagged, 1256, 31, 2
ekg-json, 1257, 25, 2
hworker, 1258, 41, 2
jwt, 1259, 39, 8
simple-templates, 1260, 24, 3
github-types, 1261, 25, 2
postgresql-binary, 1262, 50, 2
aeson-compat, 1263, 32, 61
Spock-api, 1264, 28, 2
hruby, 1265, 25, 2
hjsonpointer, 1266, 25, 2
descriptive, 1267, 29, 2
aeson-casing, 1268, 24, 2
rethinkdb-client-driver, 1269, 28, 1
profiteur, 1270, 25, 1
elm-bridge, 1271, 24, 1
find-clumpiness, 1272, 47, 1
ndjson-conduit, 1273, 33, 1
swagger, 1274, 25, 1
microlens-aeson, 1275, 25, 1
haskell-names, 1276, 35, 1
stackage-types, 1277, 34, 1
stache, 1278, 31, 1
HTF, 1279, 46, 1
rethinkdb, 1280, 34, 1
binary-orphans, 1281, 28, 1
forecast-io, 1282, 24, 1
haskell-packages, 1283, 39, 1
envelope, 1284, 24, 1
arbtt, 1285, 36, 1
stripe-core, 1286, 25, 1
doctest-discover, 1287, 31, 1
hpc-coveralls, 1288, 47, 1
snap-core, 1289, 36, 4
pdf-toolbox-core, 1290, 27, 4
openssl-streams, 1291, 24, 2
io-streams-haproxy, 1292, 23, 3
conduit-parse, 1293, 36, 15
inline-c, 1294, 34, 3
time-parsers, 1295, 25, 1
check-email, 1296, 15, 1
tidal, 1297, 43, 1
servant, 1298, 40, 143
redis-resp, 1299, 22, 2
http-link-header, 1300, 23, 1
cassava-megaparsec, 1301, 25, 1
pipes-csv, 1302, 21, 1
angel, 1303, 29, 1
network-anonymous-i2p, 1304, 35, 1
xss-sanitize, 1305, 17, 39
netpbm, 1306, 22, 1
ip6addr, 1307, 26, 1
vectortiles, 1308, 24, 1
wai-logger, 1309, 25, 309
wai-websockets, 1310, 30, 9
wai-middleware-caching, 1311, 18, 3
wai-session, 1312, 24, 3
wai-conduit, 1313, 31, 2
wai-eventsource, 1314, 18, 2
pipes-wai, 1315, 22, 1
wai-middleware-static, 1316, 30, 1
wai-middleware-throttle, 1317, 20, 1
wai-middleware-prometheus, 1318, 32, 1
wai-middleware-metrics, 1319, 20, 1
wai-request-spec, 1320, 18, 1
authenticate-oauth, 1321, 52, 12
webdriver, 1322, 53, 3
http-client-openssl, 1323, 36, 2
hsebaysdk, 1324, 45, 1
bloodhound, 1325, 49, 1
web-routes-th, 1326, 24, 28
web-routes-hsp, 1327, 24, 13
uuid-orphans, 1328, 33, 7
web-routes-boomerang, 1329, 24, 8
web-routes-wai, 1330, 28, 1
crypto-api-tests, 1331, 29, 1
crypto-cipher-tests, 1332, 28, 1
biofasta, 1333, 11, 3
bioalign, 1334, 11, 2
blastxml, 1335, 13, 2
biopsl, 1336, 19, 1
seqloc, 1337, 18, 1
biofastq, 1338, 11, 1
gtksourceview3, 1339, 20, 1
bustle, 1340, 41, 1
webkitgtk3, 1341, 20, 1
libnotify, 1342, 20, 2
GLUT, 1343, 19, 5
ltext, 1344, 40, 1
hatex-guide, 1345, 36, 1
haskintex, 1346, 44, 1
random-fu, 1347, 49, 4
relational-query-HDBC, 1348, 29, 4
jmacro, 1349, 43, 44
hsx2hs, 1350, 32, 37
aeson-qq, 1351, 33, 8
interpolate, 1352, 23, 3
here, 1353, 24, 1
QuasiText, 1354, 26, 1
codo-notation, 1355, 29, 1
interpolatedstring-perl6, 1356, 23, 1
singletons, 1357, 23, 34
store, 1358, 67, 2
x509-validation, 1359, 23, 671
x509-system, 1360, 22, 222
xml-conduit, 1361, 48, 370
monad-logger, 1362, 44, 371
conduit-combinators, 1363, 49, 22
cryptohash-conduit, 1364, 42, 8
project-template, 1365, 39, 3
imagesize-conduit, 1366, 38, 2
bzlib-conduit, 1367, 46, 2
cryptonite-conduit, 1368, 40, 1
serf, 1369, 39, 1
pager, 1370, 41, 1
shell-conduit, 1371, 43, 1
haskell-spacegoo, 1372, 50, 1
cassava-conduit, 1373, 45, 1
editor-open, 1374, 40, 1
optparse-simple, 1375, 41, 3
haskoin-core, 1376, 65, 2
monad-journal, 1377, 34, 3
validate-input, 1378, 41, 1
jose-jwt, 1379, 48, 1
objective, 1380, 39, 1
hapistrano, 1381, 39, 1
ical, 1382, 45, 1
rebase, 1383, 50, 1
kan-extensions, 1384, 28, 559
universe-instances-extended, 1385, 30, 2
machines, 1386, 30, 1
streams, 1387, 28, 1
vector-instances, 1388, 33, 17
sets, 1389, 38, 4
result, 1390, 29, 1
pipes-bytestring, 1391, 31, 14
apply-refact, 1392, 41, 1
uncertain, 1393, 37, 1
turtle-options, 1394, 47, 1
serversession, 1395, 41, 4
tasty-hspec, 1396, 43, 2
HandsomeSoup, 1397, 21, 1
web-routes-happstack, 1398, 46, 14
reform-happstack, 1399, 44, 8
happstack-server-tls, 1400, 43, 6
happstack-clientsession, 1401, 59, 1
cmark-highlight, 1402, 18, 1
hpack, 1403, 41, 2
stylish-haskell, 1404, 49, 1
ua-parser, 1405, 47, 1
hpack-convert, 1406, 43, 1
b9, 1407, 75, 1
tttool, 1408, 57, 1
frontmatter, 1409, 39, 1
configuration-tools, 1410, 55, 1
mustache, 1411, 56, 1
hamlet, 1412, 36, 2
reform-hamlet, 1413, 37, 1
opaleye, 1414, 47, 3
postgresql-simple-url, 1415, 34, 1
drifter-postgresql, 1416, 52, 1
postgresql-schema, 1417, 54, 1
postgresql-transactional, 1418, 35, 1
psql-helpers, 1419, 31, 1
hspec-golden-aeson, 1420, 43, 2
http2, 1421, 35, 197
glabrous, 1422, 47, 1
path-io, 1423, 33, 5
path-extra, 1424, 29, 6
irc-dcc, 1425, 46, 2
ignore, 1426, 32, 1
texmath, 1427, 27, 5
bitcoin-types, 1428, 27, 15
criterion, 1429, 52, 9
hbayes, 1430, 59, 1
hquantlib, 1431, 48, 1
bower-json, 1432, 28, 2
json-schema, 1433, 27, 28
fay, 1434, 61, 12
users-test, 1435, 51, 1
users-postgresql-simple, 1436, 45, 1
network-anonymous-tor, 1437, 40, 1
json-rpc-generic, 1438, 25, 1
github-webhook-handler, 1439, 34, 1
hasql, 1440, 64, 1
hjsonschema, 1441, 61, 1
hindent, 1442, 39, 1
graylog, 1443, 28, 1
pdf-toolbox-content, 1444, 29, 2
http-streams, 1445, 39, 1
snap-server, 1446, 41, 2
hocilib, 1447, 35, 1
inline-c-cpp, 1448, 35, 1
servant-blaze, 1449, 43, 3
servant-lucid, 1450, 42, 1
servant-cassava, 1451, 42, 1
servant-yaml, 1452, 53, 1
redis-io, 1453, 47, 1
wai-extra, 1454, 64, 180
http-reverse-proxy, 1455, 56, 4
wai-transformers, 1456, 38, 4
wai-middleware-caching-lru, 1457, 24, 1
wai-middleware-caching-redis, 1458, 32, 1
wai-session-postgresql, 1459, 52, 1
webdriver-angular, 1460, 56, 1
hspec-webdriver, 1461, 68, 1
userid, 1462, 41, 13
Genbank, 1463, 21, 1
bioace, 1464, 15, 1
osdkeys, 1465, 44, 1
gloss-rendering, 1466, 21, 2
hPDB-examples, 1467, 41, 1
misfortune, 1468, 56, 1
dice, 1469, 51, 1
wordpass, 1470, 54, 1
persistable-types-HDBC-pg, 1471, 31, 2
hsx-jmacro, 1472, 45, 14
happstack-jmacro, 1473, 68, 13
jmacro-rpc, 1474, 52, 2
happstack-hsp, 1475, 57, 14
reform-hsp, 1476, 35, 8
ghc-typelits-knownnat, 1477, 27, 10
inline-r, 1478, 42, 2
type-list, 1479, 24, 1
wai-predicates, 1480, 40, 1
tls, 1481, 27, 444
haskell-gi, 1482, 55, 198
xml-conduit-parse, 1483, 58, 7
tagstream-conduit, 1484, 50, 26
xml-conduit-writer, 1485, 49, 4
markdown, 1486, 53, 2
xml-hamlet, 1487, 56, 2
xlsior, 1488, 53, 1
persistent, 1489, 60, 157
omnifmt, 1490, 65, 2
monad-logger-prefix, 1491, 45, 1
monad-logger-syslog, 1492, 46, 1
postgresql-query, 1493, 88, 1
monad-logger-json, 1494, 51, 1
gitlib, 1495, 52, 5
stm-conduit, 1496, 55, 6
gitson, 1497, 62, 1
thumbnail-plus, 1498, 62, 1
bitcoin-payment-channel, 1499, 72, 1
ghc-mod, 1500, 67, 2
lens, 1501, 37, 557
effect-handlers, 1502, 29, 1
universe, 1503, 33, 1
mono-traversable-instances, 1504, 43, 8
these, 1505, 43, 1
rose-trees, 1506, 45, 2
pipes-text, 1507, 47, 7
pipes-fastx, 1508, 39, 1
pipes-aeson, 1509, 44, 1
serversession-backend-acid-state, 1510, 51, 1
serversession-frontend-wai, 1511, 53, 1
htoml, 1512, 58, 1
opaleye-trans, 1513, 50, 1
servant-aeson-specs, 1514, 59, 1
warp, 1515, 53, 196
plan-b, 1516, 34, 2
urlpath, 1517, 53, 4
pandoc, 1518, 72, 4
hw-bits, 1519, 63, 6
rest-stringmap, 1520, 39, 13
fay-base, 1521, 62, 7
fay-builder, 1522, 63, 1
pdf-toolbox-document, 1523, 42, 1
ekg, 1524, 52, 1
cheapskate, 1525, 76, 4
solga, 1526, 66, 2
simple, 1527, 69, 2
hspec-wai, 1528, 74, 2
fn, 1529, 65, 1
airship, 1530, 86, 1
gloss, 1531, 22, 1
relational-record, 1532, 32, 1
jmacro-rpc-happstack, 1533, 71, 1
ghc-typelits-extra, 1534, 28, 9
H, 1535, 46, 1
connection, 1536, 32, 219
mongoDB, 1537, 53, 2
tls-debug, 1538, 31, 1
tcp-streams, 1539, 42, 1
gi-glib, 1540, 56, 94
gi-cairo, 1541, 56, 8
gi-javascriptcore, 1542, 56, 2
rss-conduit, 1543, 79, 2
opml-conduit, 1544, 80, 2
atom-conduit, 1545, 79, 2
html-conduit, 1546, 51, 4
soap, 1547, 60, 3
persistent-template, 1548, 65, 60
persistent-sqlite, 1549, 61, 3
persistent-postgresql, 1550, 65, 1
emailaddress, 1551, 81, 1
persistent-redis, 1552, 65, 1
slug, 1553, 61, 1
git-fmt, 1554, 66, 1
gitlib-test, 1555, 63, 1
gitlib-libgit2, 1556, 65, 2
HaRe, 1557, 79, 1
gogol-core, 1558, 79, 97
lens-aeson, 1559, 44, 24
linear, 1560, 42, 85
servant-foreign, 1561, 60, 6
insert-ordered-containers, 1562, 45, 10
bitcoin-tx, 1563, 53, 8
strict-base-types, 1564, 46, 4
servant-docs, 1565, 62, 3
Chart, 1566, 43, 3
purescript-bridge, 1567, 41, 4
trifecta, 1568, 51, 3
language-nix, 1569, 44, 4
hOpenPGP, 1570, 90, 2
api-field-json-th, 1571, 45, 2
xml-lens, 1572, 68, 2
cacophony, 1573, 43, 2
hasty-hamiltonian, 1574, 44, 2
speedy-slice, 1575, 44, 2
yi, 1576, 77, 2
werewolf, 1577, 62, 2
validation, 1578, 38, 2
twitter-types-lens, 1579, 46, 2
xlsx, 1580, 79, 2
docvim, 1581, 49, 1
pinchot, 1582, 46, 1
generics-sop-lens, 1583, 39, 1
metrics, 1584, 43, 1
taggy-lens, 1585, 44, 1
jose, 1586, 63, 1
lens-datetime, 1587, 39, 1
stratosphere, 1588, 46, 1
json-autotype, 1589, 51, 1
random-tree, 1590, 43, 1
ersatz, 1591, 49, 1
timelens, 1592, 39, 1
accuerr, 1593, 38, 1
lens-action, 1594, 38, 1
bson-lens, 1595, 46, 1
zippers, 1596, 38, 1
lens-regex, 1597, 39, 1
boundingboxes, 1598, 38, 1
monoidal-containers, 1599, 39, 1
zoom-refs, 1600, 38, 1
text-region, 1601, 46, 1
classy-prelude, 1602, 60, 7
tries, 1603, 48, 1
fasta, 1604, 63, 4
yesod-core, 1605, 103, 116
wai-app-static, 1606, 81, 21
warp-tls, 1607, 69, 5
scotty, 1608, 75, 7
Spock-core, 1609, 76, 5
bake, 1610, 76, 1
bimap-server, 1611, 58, 1
zip, 1612, 60, 1
markup, 1613, 60, 1
wai-middleware-content-type, 1614, 99, 2
pandoc-citeproc, 1615, 83, 1
hw-conduit, 1616, 66, 2
hw-rankselect, 1617, 64, 2
rest-types, 1618, 48, 7
fay-dom, 1619, 63, 2
fay-text, 1620, 63, 2
fay-uri, 1621, 63, 1
cheapskate-lucid, 1622, 78, 1
cheapskate-highlight, 1623, 79, 1
simple-session, 1624, 74, 1
hspec-wai-json, 1625, 84, 1
clash-prelude, 1626, 60, 8
http-client-tls, 1627, 51, 199
network-conduit-tls, 1628, 67, 6
wuss, 1629, 46, 1
eventstore, 1630, 70, 1
amqp, 1631, 44, 1
pipes-mongodb, 1632, 56, 1
gi-gobject, 1633, 57, 47
soap-openssl, 1634, 63, 1
gipeda, 1635, 82, 1
gogol-sqladmin, 1636, 80, 1
gogol-pagespeed, 1637, 80, 1
gogol-civicinfo, 1638, 80, 1
gogol-dataflow, 1639, 80, 1
gogol-adexchange-seller, 1640, 80, 1
gogol-android-enterprise, 1641, 80, 1
gogol-sheets, 1642, 80, 1
gogol-plus, 1643, 80, 1
gogol-appstate, 1644, 80, 1
gogol-classroom, 1645, 80, 1
gogol-play-moviespartner, 1646, 80, 1
gogol-billing, 1647, 80, 1
gogol-apps-calendar, 1648, 80, 1
gogol-cloudmonitoring, 1649, 80, 1
gogol-genomics, 1650, 80, 1
gogol-tagmanager, 1651, 80, 1
gogol-discovery, 1652, 80, 1
gogol-shopping-content, 1653, 80, 1
gogol-deploymentmanager, 1654, 80, 1
gogol-appengine, 1655, 80, 1
gogol-customsearch, 1656, 80, 1
gogol-datastore, 1657, 80, 1
gogol-admin-reports, 1658, 80, 1
gogol-latencytest, 1659, 80, 1
gogol-container, 1660, 80, 1
gogol-kgsearch, 1661, 80, 1
gogol-vision, 1662, 80, 1
gogol-urlshortener, 1663, 80, 1
gogol-translate, 1664, 80, 1
gogol-groups-migration, 1665, 80, 1
gogol-proximitybeacon, 1666, 80, 1
gogol-gmail, 1667, 80, 1
gogol-apps-licensing, 1668, 80, 1
gogol-apps-activity, 1669, 80, 1
gogol-maps-engine, 1670, 80, 1
gogol-plus-domains, 1671, 80, 1
gogol-admin-emailmigration, 1672, 80, 1
gogol-blogger, 1673, 80, 1
gogol-replicapool-updater, 1674, 80, 1
gogol-storage, 1675, 80, 1
gogol-fonts, 1676, 80, 1
gogol-youtube-reporting, 1677, 80, 1
gogol-people, 1678, 80, 1
gogol-debugger, 1679, 80, 1
gogol-games-configuration, 1680, 80, 1
gogol-drive, 1681, 80, 1
gogol-apps-tasks, 1682, 80, 1
gogol-adsense, 1683, 80, 1
gogol-useraccounts, 1684, 80, 1
gogol-script, 1685, 80, 1
gogol-replicapool, 1686, 80, 1
gogol-doubleclick-search, 1687, 80, 1
gogol-groups-settings, 1688, 80, 1
gogol-affiliates, 1689, 80, 1
gogol-freebasesearch, 1690, 80, 1
gogol-mirror, 1691, 80, 1
gogol-admin-datatransfer, 1692, 80, 1
gogol-firebase-rules, 1693, 80, 1
gogol-dns, 1694, 80, 1
gogol-storage-transfer, 1695, 80, 1
gogol-identity-toolkit, 1696, 80, 1
gogol-taskqueue, 1697, 80, 1
gogol-apps-reseller, 1698, 80, 1
gogol-adexchange-buyer, 1699, 80, 1
gogol-doubleclick-bids, 1700, 80, 1
gogol-maps-coordinate, 1701, 80, 1
gogol-dfareporting, 1702, 80, 1
gogol-siteverification, 1703, 80, 1
gogol-autoscaler, 1704, 80, 1
gogol-spectrum, 1705, 80, 1
gogol-games-management, 1706, 80, 1
gogol-webmaster-tools, 1707, 80, 1
gogol-prediction, 1708, 80, 1
gogol-dataproc, 1709, 80, 1
gogol-bigquery, 1710, 80, 1
gogol-resourcemanager, 1711, 80, 1
gogol-books, 1712, 80, 1
gogol-adsense-host, 1713, 80, 1
gogol-fitness, 1714, 80, 1
gogol-youtube, 1715, 80, 1
gogol-qpxexpress, 1716, 80, 1
gogol-oauth2, 1717, 80, 1
gogol-cloudtrace, 1718, 80, 1
gogol-pubsub, 1719, 80, 1
gogol-partners, 1720, 80, 1
gogol-monitoring, 1721, 80, 1
gogol-logging, 1722, 80, 1
gogol-admin-directory, 1723, 80, 1
gogol-compute, 1724, 80, 1
gogol-analytics, 1725, 80, 1
gogol-youtube-analytics, 1726, 80, 1
gogol-android-publisher, 1727, 80, 1
gogol-fusiontables, 1728, 80, 1
gogol-resourceviews, 1729, 80, 1
gogol-games, 1730, 80, 1
moesocks, 1731, 64, 1
pagerduty, 1732, 71, 1
diagrams-core, 1733, 47, 33
svg-tree, 1734, 47, 4
active, 1735, 43, 18
force-layout, 1736, 44, 3
units, 1737, 59, 2
smoothie, 1738, 48, 1
linear-accelerate, 1739, 46, 1
lackey, 1740, 61, 1
swagger2, 1741, 53, 6
bitcoin-block, 1742, 55, 4
filecache, 1743, 51, 2
Chart-cairo, 1744, 46, 1
ede, 1745, 62, 1
idris, 1746, 112, 1
distribution-nixpkgs, 1747, 52, 2
pipes-cacophony, 1748, 46, 1
declarative, 1749, 47, 1
yi-fuzzy-open, 1750, 78, 1
xlsx-tabular, 1751, 83, 1
classy-prelude-conduit, 1752, 78, 4
blosum, 1753, 74, 1
modify-fasta, 1754, 77, 1
diversity, 1755, 72, 1
yesod-persistent, 1756, 112, 47
yesod-newsfeed, 1757, 106, 3
yesod-gitrev, 1758, 105, 1
serversession-frontend-yesod, 1759, 106, 1
yesod-eventsource, 1760, 105, 1
yesod-gitrepo, 1761, 106, 1
yesod-sitemap, 1762, 106, 1
yesod-table, 1763, 105, 1
yesod-websockets, 1764, 108, 1
yesod-test, 1765, 121, 1
servant-server, 1766, 94, 9
yesod-static, 1767, 117, 5
servius, 1768, 97, 1
waitra, 1769, 83, 1
MFlow, 1770, 112, 1
kansas-comet, 1771, 76, 3
microformats2-parser, 1772, 127, 1
Spock, 1773, 84, 3
Spock-api-server, 1774, 78, 1
wai-middleware-verbs, 1775, 115, 1
hw-succinct, 1776, 71, 1
rest-core, 1777, 60, 5
fay-jquery, 1778, 64, 1
clash-lib, 1779, 79, 4
http-conduit, 1780, 69, 153
wreq, 1781, 94, 9
servant-client, 1782, 75, 5
ratel, 1783, 65, 2
consul-haskell, 1784, 80, 2
pipes-http, 1785, 54, 2
imm, 1786, 145, 1
monad-http, 1787, 76, 1
bitx-bitcoin, 1788, 66, 1
nationstates, 1789, 55, 1
hailgun, 1790, 64, 1
octane, 1791, 68, 1
werewolf-slack, 1792, 110, 1
hackmanager, 1793, 62, 1
opensource, 1794, 62, 1
morte, 1795, 71, 1
libinfluxdb, 1796, 58, 1
koofr-client, 1797, 62, 1
soap-tls, 1798, 78, 1
hopenpgp-tools, 1799, 127, 1
kraken, 1800, 62, 1
google-cloud, 1801, 62, 1
strive, 1802, 68, 1
mandrill, 1803, 82, 1
pinboard, 1804, 78, 1
DAV, 1805, 101, 1
irc-conduit, 1806, 70, 3
gi-gio, 1807, 58, 18
gi-pango, 1808, 58, 7
gi-atk, 1809, 58, 4
rasterific-svg, 1810, 58, 2
diagrams-lib, 1811, 64, 17
units-defs, 1812, 60, 1
servant-swagger, 1813, 78, 2
solga-swagger, 1814, 87, 1
aeson-injector, 1815, 69, 1
cabal2nix, 1816, 75, 1
yesod-form, 1817, 118, 25
servant-subscriber, 1818, 121, 2
servant-JuicyPixels, 1819, 96, 1
servant-js, 1820, 111, 1
servant-mock, 1821, 96, 1
servant-auth-cookie, 1822, 101, 1
blank-canvas, 1823, 87, 2
Spock-worker, 1824, 88, 1
Spock-lucid, 1825, 86, 1
rest-gen, 1826, 76, 2
rest-wai, 1827, 68, 1
clash-verilog, 1828, 80, 1
clash-vhdl, 1829, 80, 1
clash-systemverilog, 1830, 80, 1
amazonka-core, 1831, 94, 78
authenticate, 1832, 79, 21
fb, 1833, 86, 2
aws, 1834, 82, 2
hoauth2, 1835, 87, 2
MusicBrainz, 1836, 81, 1
simple-download, 1837, 80, 1
twitter-conduit, 1838, 99, 1
holy-project, 1839, 108, 1
cabal-src, 1840, 77, 1
keter, 1841, 114, 1
hoogle, 1842, 107, 1
mime-mail-ses, 1843, 80, 1
haskell-neo4j-client, 1844, 77, 1
yesod-bin, 1845, 112, 1
twitter-feed, 1846, 81, 1
BlastHTTP, 1847, 84, 1
kawhi, 1848, 71, 1
stack, 1849, 154, 1
etcd, 1850, 70, 1
cayley-client, 1851, 87, 1
rest-client, 1852, 95, 1
gogol, 1853, 98, 1
quantum-random, 1854, 75, 1
atndapi, 1855, 82, 1
package-description-remote, 1856, 96, 3
bitcoin-api, 1857, 102, 2
scrape-changes, 1858, 104, 1
handwriting, 1859, 96, 1
language-puppet, 1860, 134, 1
smsaero, 1861, 95, 1
giphy-api, 1862, 78, 1
yahoo-finance-api, 1863, 93, 1
ratel-wai, 1864, 69, 1
wai-middleware-consul, 1865, 119, 1
purescript, 1866, 123, 1
irc-client, 1867, 87, 2
gi-gdkpixbuf, 1868, 59, 8
gi-soup, 1869, 59, 2
asciidiagram, 1870, 59, 1
SVGFonts, 1871, 74, 2
diagrams-contrib, 1872, 77, 2
diagrams-postscript, 1873, 68, 2
diagrams-svg, 1874, 71, 2
diagrams-cairo, 1875, 71, 2
diagrams-rasterific, 1876, 72, 1
diagrams-html5, 1877, 71, 1
servant-swagger-ui, 1878, 124, 1
yesod-fay, 1879, 153, 1
yackage, 1880, 124, 1
yesod-form-richtext, 1881, 119, 1
servant-purescript, 1882, 124, 1
diagrams-canvas, 1883, 118, 1
rest-happstack, 1884, 93, 1
amazonka, 1885, 97, 3
amazonka-s3, 1886, 95, 2
amazonka-ses, 1887, 95, 2
amazonka-sqs, 1888, 95, 1
amazonka-test, 1889, 113, 1
amazonka-codedeploy, 1890, 95, 1
amazonka-iot, 1891, 95, 1
amazonka-sns, 1892, 95, 1
amazonka-devicefarm, 1893, 95, 1
amazonka-codecommit, 1894, 95, 1
amazonka-elb, 1895, 95, 1
amazonka-iot-dataplane, 1896, 95, 1
amazonka-elastictranscoder, 1897, 95, 1
amazonka-ssm, 1898, 95, 1
amazonka-datapipeline, 1899, 95, 1
amazonka-inspector, 1900, 95, 1
amazonka-workspaces, 1901, 95, 1
amazonka-ecs, 1902, 95, 1
amazonka-ecr, 1903, 95, 1
amazonka-opsworks, 1904, 95, 1
amazonka-elasticsearch, 1905, 95, 1
amazonka-ec2, 1906, 95, 1
amazonka-emr, 1907, 95, 1
amazonka-rds, 1908, 95, 1
amazonka-sts, 1909, 95, 1
amazonka-cloudwatch, 1910, 95, 1
amazonka-kinesis, 1911, 95, 1
amazonka-cognito-identity, 1912, 95, 1
amazonka-cloudsearch, 1913, 95, 1
amazonka-marketplace-analytics, 1914, 95, 1
amazonka-sdb, 1915, 95, 1
amazonka-config, 1916, 95, 1
amazonka-dynamodb-streams, 1917, 95, 1
amazonka-ds, 1918, 95, 1
amazonka-apigateway, 1919, 95, 1
amazonka-efs, 1920, 95, 1
amazonka-cloudfront, 1921, 95, 1
amazonka-swf, 1922, 95, 1
amazonka-iam, 1923, 95, 1
amazonka-route53-domains, 1924, 95, 1
amazonka-cognito-sync, 1925, 95, 1
amazonka-codepipeline, 1926, 95, 1
amazonka-lambda, 1927, 95, 1
amazonka-dms, 1928, 95, 1
amazonka-elasticache, 1929, 95, 1
amazonka-gamelift, 1930, 95, 1
amazonka-autoscaling, 1931, 95, 1
amazonka-cloudwatch-logs, 1932, 95, 1
amazonka-application-autoscaling, 1933, 95, 1
amazonka-storagegateway, 1934, 95, 1
amazonka-marketplace-metering, 1935, 95, 1
amazonka-elasticbeanstalk, 1936, 95, 1
amazonka-cloudwatch-events, 1937, 95, 1
amazonka-redshift, 1938, 95, 1
amazonka-cloudhsm, 1939, 95, 1
amazonka-importexport, 1940, 95, 1
amazonka-cloudformation, 1941, 95, 1
amazonka-cloudtrail, 1942, 95, 1
amazonka-discovery, 1943, 95, 1
amazonka-directconnect, 1944, 95, 1
amazonka-glacier, 1945, 95, 1
amazonka-route53, 1946, 95, 1
amazonka-dynamodb, 1947, 95, 1
amazonka-waf, 1948, 95, 1
amazonka-kinesis-firehose, 1949, 95, 1
amazonka-cloudsearch-domains, 1950, 95, 1
amazonka-certificatemanager, 1951, 95, 1
amazonka-kms, 1952, 95, 1
amazonka-cognito-idp, 1953, 95, 1
amazonka-ml, 1954, 95, 1
amazonka-support, 1955, 95, 1
yesod-auth, 1956, 145, 11
happstack-authenticate, 1957, 147, 7
wai-middleware-crowd, 1958, 121, 1
yesod-fb, 1959, 125, 1
hackage-mirror, 1960, 106, 1
extract-dependencies, 1961, 97, 2
bitcoin-api-extra, 1962, 122, 1
xdcc, 1963, 113, 1
gi-gdk, 1964, 62, 4
diagrams, 1965, 78, 1
Chart-diagrams, 1966, 85, 1
diagrams-gtk, 1967, 73, 1
stackage-curator, 1968, 164, 1
hworker-ses, 1969, 107, 1
yesod, 1970, 148, 7
yesod-auth-account, 1971, 147, 1
yesod-auth-hashdb, 1972, 147, 1
clckwrks, 1973, 163, 5
stack-run-auto, 1974, 116, 1
gi-gtk, 1975, 64, 2
classy-prelude-yesod, 1976, 187, 2
yesod-auth-oauth2, 1977, 151, 1
yesod-static-angular, 1978, 158, 1
yesod-auth-basic, 1979, 149, 1
clckwrks-cli, 1980, 165, 1
clckwrks-theme-bootstrap, 1981, 164, 1
clckwrks-plugin-page, 1982, 166, 1
clckwrks-plugin-media, 1983, 166, 1
gi-webkit, 1984, 67, 1
yesod-job-queue, 1985, 203, 1
